Model,Partition,Mean Euclid,Std Euclid
KNN(k=1),10vs13,6.575952761314833,2.6311751734933018
KNN(k=1),15vs8,5.596653633586717,2.4412727989485385
KNN(k=1),5vs18,7.202252446012908,2.6999611573245352
KNN(k=5),10vs13,5.812491965375903,2.4450132838346197
KNN(k=5),15vs8,5.1324526778956,2.1937157232887343
KNN(k=5),5vs18,6.589397370523281,2.5731513523171556
RF,10vs13,5.211376091286066,2.1931795178417435
RF,15vs8,4.554135379692972,1.9505607359090806
RF,5vs18,5.640108087196433,2.3917286459553924
